,num_signature,missing selected signature
train_set_ICB_Gide__Melanoma__PD-(L)1.csv,62,0
train_set_ICB_Hugo__Melanoma__PD-(L)1.csv,62,0
train_set_ICB_Hwang__Lung__PD-(L)1.csv,24,38
train_set_ICB_Jung__Lung__PD-(L)1.csv,62,0
train_set_ICB_Kim__Gastric__PD-(L)1.csv,62,0
train_set_ICB_Limagne1__Lung__PD-(L)1.csv,17,45
train_set_ICB_Limagne2__Lung__PD-(L)1.csv,61,1
train_set_ICB_Liu__Melanoma__IO+combo.csv,59,3
train_set_ICB_Liu__Melanoma__PD-(L)1.csv,57,5
train_set_ICB_Mariathasan__Bladder__PD-(L)1.csv,60,2
train_set_ICB_Mariathasan__Kidney__PD-(L)1.csv,60,2
train_set_ICB_Mariathasan__Ureteral__PD-(L)1.csv,60,2
train_set_ICB_Miao1__Kidney__PD-(L)1.csv,59,3
train_set_ICB_Nathanson__Melanoma__CTLA4.csv,61,1
train_set_ICB_Padron__Pancreas__PD-(L)1.csv,62,0
train_set_ICB_Puch__Melanoma__PD-(L)1.csv,54,8
train_set_ICB_Riaz__Melanoma__PD-(L)1.csv,61,1
train_set_ICB_Snyder__Ureteral__PD-(L)1.csv,61,1
train_set_ICB_Van_Allen__Melanoma__CTLA4.csv,60,2